cost,cumulative probability
49296.14380699987,
49296.14380699987,
49296.14380699988,
49296.14380699988,
49296.143806999884,
49296.143806999884,
49296.143806999884,
49296.143806999884,
49296.14380699989,
49296.14380699989,
49296.1438069999,
49296.1438069999,
49296.1438069999,
49296.1438069999,
49296.143806999906,
49296.143806999906,
49296.14380699991,
49296.14380699991,
49296.14380699991,
49296.14380699991,
49296.14380699992,
49296.14380699992,
49296.14380699993,
49296.14380699993,
49296.14380699993,
49296.14380699993,
49296.143806999935,
49296.143806999935,
49296.14380699994,
49296.14380699994,
49296.14380699994,
49296.14380699994,
49296.14380699995,
49296.14380699995,
49296.14380699996,
49296.14380699996,
49296.14380699996,
49296.14380699996,
49296.143806999964,
49296.143806999964,
49296.14380699997,
49296.14380699997,
49296.14380699997,
49296.14380699997,
49296.14380699998,
49296.14380699998,
49296.143806999986,
49296.143806999986,
49296.143806999986,
49296.143806999986,
49296.143806999986,
49296.14380699999,
49296.14380699999,
49296.143807,
49296.143807,
49296.143807,
49296.143807,
49296.14380700001,
49296.14380700001,
49296.143807000015,
49296.143807000015,
49296.143807000015,
49296.143807000015,
49296.14380700002,
49296.14380700002,
49296.14380700003,
49296.14380700003,
49296.14380700003,
49296.14380700003,
49296.14380700004,
49296.14380700004,
49296.143807000044,
49296.143807000044,
49296.143807000044,
49296.143807000044,
49296.14380700005,
49296.14380700005,
49296.14380700006,
49296.14380700006,
49296.14380700006,
49296.14380700006,
49296.143807000066,
49296.143807000066,
49296.14380700007,
49296.14380700007,
49296.14380700007,
49296.14380700007,
49296.14380700008,
49296.14380700008,
49296.14380700009,
49296.14380700009,
49296.14380700009,
49296.14380700009,
49296.143807000095,
49296.143807000095,
49296.1438070001,
49296.1438070001,
49296.1438070001,
49296.1438070001,
49296.14380700011,
