gwp_op,cumulative probability
4.367366999999995,
4.367366999999995,
4.367366999999995,
4.367366999999996,
4.367366999999996,
4.367366999999996,
4.367366999999996,
4.367366999999996,
4.367366999999996,
4.367366999999996,
4.367366999999996,
4.367366999999997,
4.367366999999997,
4.367366999999997,
4.367366999999997,
4.367366999999997,
4.367366999999998,
4.367366999999998,
4.367366999999998,
4.367366999999998,
4.367366999999998,
4.367366999999998,
4.367366999999998,
4.367366999999998,
4.367366999999999,
4.367366999999999,
4.367366999999999,
4.367366999999999,
4.367366999999999,
4.367367,
4.367367,
4.367367,
4.367367,
4.367367,
4.367367,
4.367367,
4.367367,
4.367367000000001,
4.367367000000001,
4.367367000000001,
4.367367000000001,
4.367367000000001,
4.367367000000001,
4.3673670000000016,
4.3673670000000016,
4.3673670000000016,
4.3673670000000016,
4.3673670000000016,
4.3673670000000016,
4.3673670000000016,
4.3673670000000016,
4.367367000000002,
4.367367000000002,
4.367367000000002,
4.367367000000002,
4.367367000000002,
4.367367000000003,
4.367367000000003,
4.367367000000003,
4.367367000000003,
4.367367000000003,
4.367367000000003,
4.367367000000003,
4.367367000000003,
4.367367000000004,
4.367367000000004,
4.367367000000004,
4.367367000000004,
4.367367000000004,
4.367367000000005,
4.367367000000005,
4.367367000000005,
4.367367000000005,
4.367367000000005,
4.367367000000005,
4.367367000000005,
4.367367000000005,
4.367367000000006,
4.367367000000006,
4.367367000000006,
4.367367000000006,
4.367367000000006,
4.367367000000006,
4.367367000000007,
4.367367000000007,
4.367367000000007,
4.367367000000007,
4.367367000000007,
4.367367000000007,
4.367367000000007,
4.367367000000007,
4.367367000000008,
4.367367000000008,
4.367367000000008,
4.367367000000008,
4.367367000000008,
4.367367000000009,
4.367367000000009,
4.367367000000009,
4.367367000000009,
