gwp_op,cumulative probability
5526.773056999991,
5526.773056999991,
5526.773056999992,
5526.773056999992,
5526.773056999993,
5526.773056999993,
5526.773056999993,
5526.773056999993,
5526.773056999994,
5526.773056999994,
5526.773056999995,
5526.773056999995,
5526.773056999995,
5526.773056999995,
5526.773056999995,
5526.773056999996,
5526.773056999996,
5526.773056999997,
5526.773056999997,
5526.773056999997,
5526.773056999997,
5526.773056999998,
5526.773056999998,
5526.7730569999985,
5526.7730569999985,
5526.7730569999985,
5526.7730569999985,
5526.773056999999,
5526.773056999999,
5526.773057,
5526.773057,
5526.773057,
5526.773057,
5526.773057000001,
5526.773057000001,
5526.773057000002,
5526.773057000002,
5526.773057000002,
5526.773057000002,
5526.773057000002,
5526.773057000003,
5526.773057000003,
5526.773057000004,
5526.773057000004,
5526.773057000004,
5526.773057000004,
5526.773057000005,
5526.773057000005,
5526.773057000006,
5526.773057000006,
5526.773057000006,
5526.773057000006,
5526.773057000007,
5526.773057000007,
5526.773057000008,
5526.773057000008,
5526.773057000008,
5526.773057000008,
5526.7730570000085,
5526.7730570000085,
5526.773057000009,
5526.773057000009,
5526.773057000009,
5526.773057000009,
5526.773057000009,
5526.77305700001,
5526.77305700001,
5526.773057000011,
5526.773057000011,
5526.773057000011,
5526.773057000011,
5526.773057000012,
5526.773057000012,
5526.773057000013,
5526.773057000013,
5526.773057000013,
5526.773057000013,
5526.773057000014,
5526.773057000014,
5526.773057000015,
5526.773057000015,
5526.773057000015,
5526.773057000015,
5526.773057000016,
5526.773057000016,
5526.773057000017,
5526.773057000017,
5526.773057000017,
5526.773057000017,
5526.773057000017,
5526.773057000018,
5526.773057000018,
5526.7730570000185,
5526.7730570000185,
5526.7730570000185,
5526.7730570000185,
5526.773057000019,
5526.773057000019,
5526.77305700002,
5526.77305700002,
