gwp_batt_li,gwp_bev_batt,gwp_phev_batt,gwp_phs,gwp_ts_dec_direct_elec,gwp_ts_dec_hp_elec,gwp_ts_dec_thhp_gas,gwp_ts_dec_cogen_gas,gwp_ts_dec_cogen_oil,gwp_ts_dec_advcogen_gas,gwp_ts_dec_advcogen_h2,gwp_ts_dec_boiler_gas,gwp_ts_dec_boiler_wood,gwp_ts_dec_boiler_oil,gwp_ts_dhn_daily,gwp_ts_dhn_seasonal,gwp_ts_high_temp,gwp_gas_storage,gwp_h2_storage,gwp_diesel_storage,gwp_gasoline_storage,gwp_lfo_storage,gwp_ammonia_storage,gwp_methanol_storage,gwp_co2_storage,gwp_op
                 0.807474,                 1.007474,                 1.501028,                 0.267023,                 0.966999,                -0.127073,                 0.022362,                -0.145550,                 0.181847,                 0.084000,                 0.072737,                 0.060067,                -0.108598,                 0.139443,                -0.125202,                 0.018854,                 0.116492,                -0.151239,                -0.065283,                 0.006470,                -0.026294,                -0.075458,                -0.190582,                 0.084985,                -0.013860,              5954.437765
                 0.810599,                 0.873099,                 1.710403,                 0.220148,                 1.107624,                -0.155198,                -0.068263,                -0.011175,                -0.090028,                -0.100375,                -0.074138,                 0.194442,                -0.061723,                -0.157432,                -0.128327,                 0.103229,                -0.024133,                 0.133136,                -0.043408,                 0.040845,                -0.123169,                 0.071417,                -0.062457,                -0.130640,                -0.060735,              5778.591924
                 1.010599,                 1.073099,                 1.510403,                 0.020148,                 0.907624,                 0.044802,                 0.131737,                 0.188825,                 0.109972,                 0.099625,                 0.125862,                -0.005558,                 0.138277,                 0.042568,                 0.071673,                -0.096771,                 0.175867,                -0.066864,                 0.156592,                -0.159155,                 0.076831,                -0.128583,                 0.137543,                 0.069360,                 0.139265,              5656.457501
