gwp_batt_li,gwp_bev_batt,gwp_phev_batt,gwp_phs,gwp_ts_dec_direct_elec,gwp_ts_dec_hp_elec,gwp_ts_dec_thhp_gas,gwp_ts_dec_cogen_gas,gwp_ts_dec_cogen_oil,gwp_ts_dec_advcogen_gas,gwp_ts_dec_advcogen_h2,gwp_ts_dec_boiler_gas,gwp_ts_dec_boiler_wood,gwp_ts_dec_boiler_oil,gwp_ts_dhn_daily,gwp_ts_dhn_seasonal,gwp_ts_high_temp,gwp_gas_storage,gwp_h2_storage,gwp_diesel_storage,gwp_gasoline_storage,gwp_lfo_storage,gwp_ammonia_storage,gwp_methanol_storage,gwp_co2_storage,gwp_op
                61.107474,                61.307474,               100.901028,                 8.457023,                63.786999,                -0.017073,                 0.259362,                 0.051450,                 0.427847,                 0.091000,                 0.071737,                 0.329067,                -0.069598,                 0.632443,                -0.046002,                 0.099054,                 0.513492,                 0.003761,                 0.081717,                 0.153470,                 0.120706,                 0.071542,                -0.043582,                 0.231985,                 0.114140,              4056.915093
                61.110599,                61.173099,               101.110403,                 8.410148,                63.927624,                -0.045198,                 0.168737,                 0.185825,                 0.155972,                -0.093375,                -0.075138,                 0.463442,                -0.022723,                 0.335568,                -0.049127,                 0.183429,                 0.372867,                 0.288136,                 0.103592,                 0.187845,                 0.023831,                 0.218417,                 0.084543,                 0.016360,                 0.067265,              4070.915359
                61.310599,                61.373099,               100.910403,                 8.210148,                63.727624,                 0.154802,                 0.368737,                 0.385825,                 0.355972,                 0.106625,                 0.124862,                 0.263442,                 0.177277,                 0.535568,                 0.150873,                -0.016571,                 0.572867,                 0.088136,                 0.303592,                -0.012155,                 0.223831,                 0.018417,                 0.284543,                 0.216360,                 0.267265,              4060.393233
