gwp_batt_li,gwp_bev_batt,gwp_phev_batt,gwp_phs,gwp_ts_dec_direct_elec,gwp_ts_dec_hp_elec,gwp_ts_dec_thhp_gas,gwp_ts_dec_cogen_gas,gwp_ts_dec_cogen_oil,gwp_ts_dec_advcogen_gas,gwp_ts_dec_advcogen_h2,gwp_ts_dec_boiler_gas,gwp_ts_dec_boiler_wood,gwp_ts_dec_boiler_oil,gwp_ts_dhn_daily,gwp_ts_dhn_seasonal,gwp_ts_high_temp,gwp_gas_storage,gwp_h2_storage,gwp_diesel_storage,gwp_gasoline_storage,gwp_lfo_storage,gwp_ammonia_storage,gwp_methanol_storage,gwp_co2_storage,gwp_op
                 1.403737,                 1.003737,                 0.950514,                 1.063512,                 0.963499,                 0.935963,                 1.009181,                 0.925725,                 1.088924,                 1.042000,                 1.032368,                 1.029533,                 0.945201,                 1.066222,                 0.935399,                 1.007927,                 1.056746,                 0.922881,                 0.965858,                 1.001735,                 0.985353,                 0.960771,                 0.903209,                 1.040993,                 0.992070,          14257486.600588
                 1.405299,                 0.936549,                 1.055202,                 1.040074,                 1.033812,                 0.921901,                 0.963869,                 0.992912,                 0.952986,                 0.949812,                 0.958931,                 1.096721,                 0.968639,                 0.917784,                 0.933836,                 1.050114,                 0.986433,                 1.065068,                 0.976796,                 1.018922,                 0.936916,                 1.034209,                 0.967271,                 0.933180,                 0.968633,          11090041.685547
